params,0,1
{'pca__n_components': 4},0.5289256198347108,0.4784606547960942
{'pca__n_components': 10},0.5433884297520661,0.47731188971855254
